<?xml version="1.0" encoding="UTF-8"?>

<mule xmlns="http://www.mulesoft.org/schema/mule/core" xmlns:doc="http://www.mulesoft.org/schema/mule/documentation"
	xmlns:spring="http://www.springframework.org/schema/beans" version="EE-3.8.2"
	xmlns:xsi="http://www.w3.org/2001/XMLSchema-instance" xmlns:http="http://www.mulesoft.org/schema/mule/http"
	xmlns:context="http://www.springframework.org/schema/context" xmlns:db="http://www.mulesoft.org/schema/mule/db"
	xsi:schemaLocation="http://www.springframework.org/schema/beans 
	http://www.springframework.org/schema/beans/spring-beans-current.xsd
	http://www.mulesoft.org/schema/mule/core 
	http://www.mulesoft.org/schema/mule/core/current/mule.xsd
	http://www.mulesoft.org/schema/mule/http http://www.mulesoft.org/schema/mule/http/current/mule-http.xsd
	http://www.springframework.org/schema/context http://www.springframework.org/schema/context/spring-context-current.xsd
	http://www.mulesoft.org/schema/mule/db http://www.mulesoft.org/schema/mule/db/current/mule-db.xsd">


	<context:property-placeholder location="classpath:american-${env}.properties" />
	<http:listener-config name="HTTP_Listener_8082"
		host="0.0.0.0" port="${http.port}" doc:name="HTTP Listener Configuration" />
	<http:listener-config name="HTTP_Listener_8081"
		host="0.0.0.0" port="8081" doc:name="HTTP Listener Configuration" />
	<spring:beans>
		<spring:bean id="DerbyDB" name="DerbyDB"
			class="org.enhydra.jdbc.standard.StandardDataSource">
			<spring:property name="driverName"
				value="org.apache.derby.jdbc.ClientDriver" />
			<spring:property name="url" value="${db.uri}" />
		</spring:bean>
	</spring:beans>
	<db:derby-config name="Derby_Configuration"
		dataSource-ref="DerbyDB" doc:name="Derby Configuration" />

	<db:mysql-config name="MySQL_Configuration" host="${db.host}"
		port="${db.port}" user="${db.user}" password="${db.password}"
		database="${db.database}" doc:name="MySQL Configuration" />

</mule>
