<?xml version="1.0" encoding="UTF-8"?>
<mule xmlns:context="http://www.springframework.org/schema/context"
	xmlns:doc="http://www.mulesoft.org/schema/mule/documentation"
	xmlns:tracking="http://www.mulesoft.org/schema/mule/ee/tracking" xmlns="http://www.mulesoft.org/schema/mule/core"
	xmlns:apikit="http://www.mulesoft.org/schema/mule/apikit" xmlns:http="http://www.mulesoft.org/schema/mule/http"
	xmlns:spring="http://www.springframework.org/schema/beans" xmlns:xsi="http://www.w3.org/2001/XMLSchema-instance"
	xmlns:db="http://www.mulesoft.org/schema/mule/db"
	xsi:schemaLocation="http://www.mulesoft.org/schema/mule/core http://www.mulesoft.org/schema/mule/core/current/mule.xsd
http://www.mulesoft.org/schema/mule/http http://www.mulesoft.org/schema/mule/http/current/mule-http.xsd
http://www.mulesoft.org/schema/mule/apikit http://www.mulesoft.org/schema/mule/apikit/current/mule-apikit.xsd
http://www.springframework.org/schema/beans http://www.springframework.org/schema/beans/spring-beans-3.1.xsd
http://www.mulesoft.org/schema/mule/ee/tracking http://www.mulesoft.org/schema/mule/ee/tracking/current/mule-tracking-ee.xsd
http://www.springframework.org/schema/context http://www.springframework.org/schema/context/spring-context-current.xsd
http://www.mulesoft.org/schema/mule/db http://www.mulesoft.org/schema/mule/db/current/mule-db.xsd">
	
	<apikit:config name="american-config" raml="american.raml"
		consoleEnabled="false" doc:name="Router">
		<apikit:flow-mapping resource="/flights" action="get"
			flow-ref="getFlightsFlow" />
		<apikit:flow-mapping resource="/flights/{ID}"
			action="get" flow-ref="getFlightsByIDFlow" />
	</apikit:config>
	<flow name="american-main">
		<http:listener config-ref="HTTP_Listener_8082" path="/api/*"
			doc:name="HTTP" />
		<apikit:router config-ref="american-config" doc:name="APIkit Router" />
		<exception-strategy ref="american-apiKitGlobalExceptionMapping"
			doc:name="Reference Exception Strategy" />
	</flow>
	<apikit:mapping-exception-strategy
		name="american-apiKitGlobalExceptionMapping">
		<apikit:mapping statusCode="404">
			<apikit:exception
				value="org.mule.module.apikit.exception.NotFoundException" />
			<set-property propertyName="Content-Type" value="application/json"
				doc:name="Property" />
			<set-payload
				value="{ &quot;message&quot;: &quot;Resource not found&quot; }"
				doc:name="Set Payload" />
		</apikit:mapping>
		<apikit:mapping statusCode="405">
			<apikit:exception
				value="org.mule.module.apikit.exception.MethodNotAllowedException" />
			<set-property propertyName="Content-Type" value="application/json"
				doc:name="Property" />
			<set-payload
				value="{ &quot;message&quot;: &quot;Method not allowed&quot; }"
				doc:name="Set Payload" />
		</apikit:mapping>
		<apikit:mapping statusCode="415">
			<apikit:exception
				value="org.mule.module.apikit.exception.UnsupportedMediaTypeException" />
			<set-property propertyName="Content-Type" value="application/json"
				doc:name="Property" />
			<set-payload
				value="{ &quot;message&quot;: &quot;Unsupported media type&quot; }"
				doc:name="Set Payload" />
		</apikit:mapping>
		<apikit:mapping statusCode="406">
			<apikit:exception
				value="org.mule.module.apikit.exception.NotAcceptableException" />
			<set-property propertyName="Content-Type" value="application/json"
				doc:name="Property" />
			<set-payload value="{ &quot;message&quot;: &quot;Not acceptable&quot; }"
				doc:name="Set Payload" />
		</apikit:mapping>
		<apikit:mapping statusCode="400">
			<apikit:exception
				value="org.mule.module.apikit.exception.BadRequestException" />
			<set-property propertyName="Content-Type" value="application/json"
				doc:name="Property" />
			<set-payload value="{ &quot;message&quot;: &quot;Bad request&quot; }"
				doc:name="Set Payload" />
		</apikit:mapping>
	</apikit:mapping-exception-strategy>
</mule>
