<?xml version='1.0' encoding='UTF-8'?>
<?artifactRepository version='1.1.0'?>
<repository name='file:/Users/agogoi/git/muleapps/rest-connector/target/update-site/ - artifacts' type='org.eclipse.equinox.p2.artifact.repository.simpleRepository' version='1'>
  <properties size='2'>
    <property name='p2.timestamp' value='1484076841778'/>
    <property name='p2.compressed' value='false'/>
  </properties>
  <mappings size='3'>
    <rule filter='(&amp; (classifier=osgi.bundle))' output='${repoUrl}/plugins/${id}_${version}.jar'/>
    <rule filter='(&amp; (classifier=binary))' output='${repoUrl}/binary/${id}_${version}'/>
    <rule filter='(&amp; (classifier=org.eclipse.update.feature))' output='${repoUrl}/features/${id}_${version}.jar'/>
  </mappings>
  <artifacts size='2'>
    <artifact classifier='osgi.bundle' id='org.mule.tooling.ui.contribution.rest.3.5.0' version='1.0.0.201701101733'>
      <properties size='3'>
        <property name='artifact.size' value='331842'/>
        <property name='download.size' value='331842'/>
        <property name='download.md5' value='537022a6acec0a6b372a6865cd446384'/>
      </properties>
    </artifact>
    <artifact classifier='org.eclipse.update.feature' id='org.mule.tooling.ui.extension.rest-connector.3.5.0' version='1.0.0.201701101733'>
      <properties size='4'>
        <property name='artifact.size' value='646'/>
        <property name='download.size' value='646'/>
        <property name='download.md5' value='d56876cbdc77b93f1d978b38acb697f2'/>
        <property name='download.contentType' value='application/zip'/>
      </properties>
    </artifact>
  </artifacts>
</repository>
