<?xml version="1.0" encoding="UTF-8"?>

<mule xmlns:http="http://www.mulesoft.org/schema/mule/http" xmlns="http://www.mulesoft.org/schema/mule/core"
	xmlns:doc="http://www.mulesoft.org/schema/mule/documentation"
	xmlns:spring="http://www.springframework.org/schema/beans" xmlns:xsi="http://www.w3.org/2001/XMLSchema-instance"
	xsi:schemaLocation="http://www.springframework.org/schema/beans http://www.springframework.org/schema/beans/spring-beans-current.xsd
http://www.mulesoft.org/schema/mule/core http://www.mulesoft.org/schema/mule/core/current/mule.xsd
http://www.mulesoft.org/schema/mule/http http://www.mulesoft.org/schema/mule/http/current/mule-http.xsd">

	<spring:beans>
		<spring:bean id="userBean" class="com.anupam.bean.User">
			<spring:property name="firstName" value="Anupam" />
		</spring:bean>
		<spring:bean id="userService" class="com.anupam.service.UserSRVImpl" />

	</spring:beans>

	<flow name="simple-springbean-exampleFlow">
		<http:listener config-ref="HTTP_Listener_8081" path="/spring/"
			doc:name="HTTP" />
		<invoke object-ref="userService" method="sayHello" doc:name="Invoke" />
		<logger level="INFO" doc:name="Logger" />
	</flow>
</mule>
